#{"t_start": 1648411206.5200787, "env_id": "CarRacing-v0"}
r,l,t
220.945946,1000,17.951494
